{"cameraMode":{"drawMode":0,"name":"Shaded","section":"Shading Mode"},"sceneLighting":true,"audioPlay":false,"sceneViewState":{"showFog":true,"showMaterialUpdate":false,"showSkybox":false,"showFlares":true,"showImageEffects":true,"showParticleSystems":true},"in2DMode":false,"pivot":{"x":3.7326278686523439,"y":1.5320000648498536,"z":4.366353988647461},"rotation":{"x":-0.0011670209933072329,"y":0.9987874031066895,"z":-0.03928216174244881,"w":-0.02967184968292713},"size":3.283459186553955,"orthographic":false}