{"cameraMode":{"drawMode":0,"name":"Shaded","section":"Shading Mode"},"sceneLighting":false,"audioPlay":false,"sceneViewState":{"showFog":true,"showMaterialUpdate":false,"showSkybox":false,"showFlares":true,"showImageEffects":true,"showParticleSystems":true},"in2DMode":false,"pivot":{"x":8.510000228881836,"y":1.2999999523162842,"z":10.760000228881836},"rotation":{"x":-0.001450848882086575,"y":0.9985260963439941,"z":-0.034772321581840518,"w":-0.0416618250310421},"size":8.71786117553711,"orthographic":false}