{"cameraMode":{"drawMode":0,"name":"Shaded","section":"Shading Mode"},"sceneLighting":true,"audioPlay":false,"sceneViewState":{"showFog":true,"showMaterialUpdate":false,"showSkybox":true,"showFlares":true,"showImageEffects":true,"showParticleSystems":true},"in2DMode":false,"pivot":{"x":2.7071542739868166,"y":1.1381797790527344,"z":27.011333465576173},"rotation":{"x":-0.022411849349737169,"y":0.9708574414253235,"z":-0.21639885008335114,"w":-0.10054951161146164},"size":104.93013763427735,"orthographic":false}