{"cameraMode":{"drawMode":0,"name":"Shaded","section":"Shading Mode"},"sceneLighting":true,"audioPlay":false,"sceneViewState":{"showFog":true,"showMaterialUpdate":false,"showSkybox":false,"showFlares":true,"showImageEffects":true,"showParticleSystems":true},"in2DMode":false,"pivot":{"x":0.09694844484329224,"y":-0.042742788791656497,"z":-0.033104896545410159},"rotation":{"x":-0.001450848882086575,"y":0.9985260963439941,"z":-0.034772321581840518,"w":-0.0416618250310421},"size":3683.55029296875,"orthographic":false}